,instance_id,date,speechnumber,paragraphnumber,sentencenumber,speaker,party,text,Econ orthodoxy
952847,952848,18/06/2013,399,9,1,Sebastiano Barbanti,M5S,Il debito pubblico ha toccato nuovi record e la ripresa è ben lungi dal vedersi all'orizzonte.,1
1097631,1097632,18/12/2013,89,4,1,Dorina Bianchi,NCD,"La necessità di non sforare la soglia del 3 per cento del rapporto debito/PIL, la rilevante evasione fiscale e l'enorme debito pubblico non hanno impedito al Governo di iniziare un percorso virtuoso – dico iniziare indubbiamente un percorso virtuoso – che affronta problemi immediati e porre le basi per la crescita futura del Paese, per la prima volta attraverso il taglio della spesa pubblica e attraverso la riduzione del deficit e delle tasse.",1
502542,502543,15/07/2011,86,3,3,Savino Pezzotta,UDC,"Come loro, stiamo affrontando, sia pure con grandezze molto diverse, la questione del debito pubblico; dobbiamo però rilevare una questione di metodo che qui non abbiamo trovato: l'amministrazione Obama sta affrontando la questione con una metodologia totalmente diversa da quella del Governo italiano.",1
1097881,1097882,18/12/2013,112,20,1,Vincenzo Garofalo,NCD,In primo luogo è necessario intervenire sul fronte crescita e sulla riduzione del debito pubblico.,0
331777,331778,26/07/2010,49,15,2,Gian Luca Galletti,UDC,Mi chiedo: qual è la risposta che stiamo dando con questa manovra al problema del debito pubblico?,1
332739,332740,26/07/2010,86,3,5,Ivano Strizzolo,PD,Dico questo per sottolineare ancora una volta la natura del debito pubblico.,0
1664378,1664379,18/11/2015,504,1,1,Ivan Catalano,CI-SC,"Presidente, onorevoli colleghi, la proposta di legge in discussione muove dal condivisibile obiettivo di contrastare l'abuso delle auto di servizio, oggi sempre meno giustificabile alla luce della pressione fiscale, dei vincoli di bilancio e dell'entità del nostro debito pubblico.",1
690805,690806,02/08/2012,59,3,1,Amedeo Ciccanti,UDC,"Attenzione, queste dinamiche di spesa incrementano il debito pubblico che, invece, deve ridursi.",1
1866226,1866227,02/08/2016,77,1,2,Oreste Pastorelli,MISTO,Tale legge pone infatti una serie di regole volte a garantire l'equilibrio di bilancio di tutte le pubbliche amministrazioni nonché a realizzare la sostenibilità del debito pubblico.,1
2327839,2327840,24/10/2019,129,3,2,Andrea Delmastro Delle Vedove,FDI,"Mi immaginavo che il Governo, che eredita la Via della seta e in cui siedono esponenti della maggioranza che voleva la Via della seta, persone che, ad agosto del 2018, addirittura volevano vendere il debito pubblico ai cinesi, evidentemente non avrebbe colto l'importanza di questo ordine del giorno.",0
2114921,2114922,18/09/2018,125,4,1,Rebecca Frassini,LEGA-LN,"Questa è la dimostrazione che le politiche di bilancio fatte in questi anni non hanno assolutamente dato gli effetti sperati; anzi, sono state politiche di bilancio volte ad aumentare il debito pubblico senza portare, però, una reale diminuzione della pressione fiscale del nostro Paese, una tra le più alte d'Europa e che è divenuta, ormai, insostenibile.",1
2201597,2201598,19/06/2018,102,1,2,Maurizio Lupi,MISTO,"Se si vuole abbattere (e concludo) il debito pubblico, bisogna avere il coraggio che lo Stato faccia lo Stato, e che lasci la possibilità a chi può fare meglio di fare meglio.",1
631761,631762,07/09/2011,109,3,3,Donato Renato Mosella,MISTO,"L'Italia vive un momento grave e difficile ma non è ripiegandosi su se stessa che ne uscirà, non è certamente ignorando la tragedia dell'Africa che ripianeremo il debito pubblico.",0
804953,804954,25/01/2012,143,7,8,Maurizio Fugatti,LEGA-LN,"Dobbiamo dire agli italiani che ogni anno paghiamo 70-80 miliardi di interessi sul debito pubblico e, se dovessimo pagare anche questi 40 miliardi, sarebbe veramente difficile.",1
901727,901728,21/11/2013,162,9,2,Andrea Romano,CI-SC,"Un conto è, come riteniamo che poi dovrà essere, se la Cassa depositi e prestiti funziona da veicolo, per l'appunto, da strumento temporaneo, da società che permette tecnicamente la messa sul mercato di beni pubblici inutilizzati o sottoutilizzati, che possono essere meglio gestiti e meglio utilizzati anche dalla collettività, oltre a ridurre il debito pubblico; un altro conto, invece, è se il passaggio alla Cassa depositi e prestiti è solo uno strumento per mantenere la proprietà dello Stato su quei beni e dunque – lo ricordiamo – una modalità attraverso cui una società priva di debiti, come è la Cassa depositi e prestiti, entra in possesso di beni che non dovrebbe avere alcun interesse a vendere, proprio perché è priva di debiti.",0
330463,330464,26/07/2010,8,11,1,Antonio Borghesi,IDV,"I problemi relativi al debito pubblico si affrontano solamente in tre modi: attraverso il fallimento (mi sembra che non possiamo permettercelo), attraverso l'inflazione (ma non è più possibile ricorrere a questa soluzione, poiché siamo integrati in un'economia), oppure attraverso la crescita, che generi un avanzo primario, che permetta, poi, di pagare i debiti.",0
1181888,1181889,13/01/2014,20,2,1,Giovanni Paglia,SEL-SI,"La mia tesi di laurea, che io scrissi molti anni fa, si proponeva allora di indagare la struttura del debito pubblico dei paesi del sud del mondo.",0
459780,459781,28/04/2011,104,5,2,Giorgio La Malfa,MISTO,"Egli ha insistito, dicendo che nel calcolo del debito bisogna considerare non solo il debito pubblico, ma anche il debito privato, che è una ragionevole considerazione, ne diamo atto al ministro Tremonti: la risposta dell'Europa è stata «no», l'unico parametro è il debito pubblico che deve essere ridotto di un ventesimo ogni anno.",0
843060,843061,05/03/2012,15,8,6,Massimo Vannucci,PD,"Allora, dobbiamo farci carico delle migliori esperienze europee in questo senso, affinché vi sia questa commissione fiscale indipendente che riesca a valutare e rendere noti ai cittadini gli effetti sul debito pubblico dei programmi e dei progetti economici.",1
338173,338174,19/11/2010,166,2,1,Massimo Bitonci,LEGA-LN,"Stabilità e rigore nei conti pubblici: per questo abbiamo lavorato, per mettere in sicurezza il sistema bancario e finanziario, senza aumentare la pressione fiscale, ma sostegno alle famiglie e aziende con la cassa integrazione e gli ammortizzatore sociali, non con la politica che vorrebbe la sinistra, politica economica con manovre in deficit, con aumento del debito pubblico, oppure finanziata con aumento della pressione fiscale e la tassazione dei BOT delle famiglie.",1
735984,735985,11/12/2012,4,4,2,Lino Duilio,PD,"Tutto ciò è stato realizzato per tenere fede agli impegni assunti in ambito comunitario, in ambito europeo, per cui abbiamo costituzionalizzato queste regole di bilancio con l'intento di limitare il ricorso all'indebitamento e di garantire la sostenibilità del debito pubblico nel medio e nel lungo periodo, in coerenza con la recente revisione delle regole stabilite dal Patto di stabilità e crescita.",1
843254,843255,05/03/2012,23,14,1,Aurelio Salvatore Misiti,MISTO,"Ad una domanda - qui chiudo - fatta in televisione (in RAI) al Presidente Monti in occasione dell'intervista rilasciata a Fabio Fazio, che gli ha chiesto come si possa ridurre questo 120 per cento se il pareggio da solo non lo può fare, il Presidente Monti ha risposto: l'equilibrio del bilancio nel 2013 vuol dire che, al netto degli interessi pagati sul debito pubblico, l'Italia avrà un avanzo di bilancio pari al 5 per cento del PIL, e così si abbassa il rapporto debito-PIL.",1
821555,821556,18/07/2012,225,9,1,Marco Maggioni,LEGA-LN,"Mi chiedo se 700 miliardi possono essere sufficienti in un contesto europeo, dove solo il debito pubblico italiano è quasi tre volte l'ammontare di questo Fondo?",0
364750,364751,18/10/2010,43,2,1,Roberto Tortoli,PDL,Quello delle infrastrutture è il vero tallone d'Achille del nostro Paese che soffre per un alto debito pubblico aggravato proprio dal fatto che i soldi dell'indebitamento non sono stati a suo tempo usati negli anni delle vacche grasse per investimenti infrastrutturali.,0
667272,667273,12/03/2012,57,12,2,Sergio Michele Piffari,IDV,"Questo è intanto imbrogliare, lo ripeto, partner come l'Europa, con i quali ci stiamo prendendo impegni per il rientro del debito pubblico.",1
1002744,1002745,01/10/2013,74,1,4,Maino Marchi,PD,"Ma contestualmente il debito pubblico aumenta al 127 per cento, gli interessi sul debito pubblico del 10,7 per cento, da 78 miliardi a quasi 87, e questo dimostra che lo spread non è un'invenzione, non è un falso problema, ma ha degli effetti concreti.",1
790971,790972,26/04/2012,165,3,5,Antonio Borghesi,IDV,Ma il debito pubblico come lo tagliamo?,1
1163605,1163606,25/02/2014,144,3,7,Alessio Mattia Villarosa,M5S,"Quindi, la sua soluzione è quella di ridurre un debito pubblico pari a 2.100 miliardi con 4 miliardi di euro ?",0
2028589,2028590,04/10/2017,161,1,8,Laura Castelli,M5S,"Paese funzionano, che sono il modo per abbattere il debito pubblico, quando sappiamo totalmente, fortemente - lo sanno soprattutto i membri della Commissione bilancio - che la correlazione tra l'abbattimento del debito pubblico e le privatizzazioni è inesistente.",0
1261901,1261902,27/01/2014,475,1,2,Vittorio Ferraresi,M5S,"Noi chiediamo l'impegno del Governo per adottare, per quanto di competenza, le iniziative affinché ai partecipanti il capitale sociale della Banca d'Italia possano essere distribuiti esclusivamente dividendi annuali a valere sugli utili netti, per un importo non superiore a una percentuale del capitale sociale pari al tasso medio ponderato riconosciuto sui titoli del debito pubblico con durata non superiore all'anno, emessi nell'anno solare precedente dallo Stato italiano.",0
1746034,1746035,25/05/2016,367,1,14,Benedetto Della Vedova,,"Le sue battaglie: divorzio, aborto, nuovo diritto di famiglia, fame nel mondo, giustizia giusta e responsabilità civile dei giudici, finanziamento pubblico, legalizzazione della cannabis quarant'anni prima che diventasse misura di Governo nel Nord America e non solo; ma anche in quest'Aula e già in tutta Italia, grazie alla straordinaria Radio Radicale, moniti inascoltati negli anni Ottanta sulla follia del debito pubblico dilagante, sulle baby pensioni e, poi, sulle liberalizzazioni del mercato del lavoro e dei mercati protetti, sulle privatizzazioni come strumento di efficienza economica e di moralizzazione civile dell'Italia partitocratica e, ancora, la moratoria sulla pena di morte, il tribunale penale internazionale contro i crimini di guerra e genocidio, il diritto di conoscenza come diritto politico per eccellenza, il fine vita, le condizioni delle carceri come misura di civiltà e di legalità di un Paese, e potrei continuare.",0
556481,556482,04/04/2011,12,16,2,Renato Cambursano,IDV,"Vorrei richiamare soltanto un obiettivo che ho visto essere condiviso, per il momento ancora in fase interrogativa, da parte del Ministro dell'economia e delle finanze: mi riferisco cioè al fatto di mettere sullo stesso piano anche l'Italia, attrezzandola con gli stessi strumenti con cui si sono attrezzate intanto già la Germania nel 2009, mentre la Francia lo sta facendo proprio in questi giorni, cioè costituzionalizzare l'impegno sul debito pubblico.",1
429748,429749,29/09/2010,42,5,1,Davide Caparini,LEGA-LN,"La Costituzione negata ha generato il terzo debito pubblico al mondo, uno Stato centrale mastodontico, elefantiaco, impacciato, lento, incapace di dare le risposte alle molteplici ed eterogenee istanze delle comunità locali.",0
1002672,1002673,01/10/2013,68,1,2,Rocco Palese,PDL,"Preoccupanti i dati relativi alla spesa per interessi del debito pubblico, in particolare se si considera che nel bilancio programmatico, presentato con la Nota di aggiornamento, la previsione al 2016 supera i 100 miliardi di euro, in confronto agli 81,3 miliardi di euro riferiti al 2012 e agli oltre 89 miliardi di euro risultanti nelle previsioni assestate.",1
1181413,1181414,02/07/2014,295,1,4,Irene Tinagli,CI-SC,"Ma, come ha ricordato l'onorevole Buttiglione, anche per senso di serietà e di onestà intellettuale nei confronti dei cittadini, dovremmo riconoscere la situazione in cui l'Italia era a fine del 2011: centinaia di miliardi di capitali in fuga dal nostro Paese, perché nessuno più credeva nella sostenibilità del nostro debito pubblico e della nostra intenzione di riformare alcune questioni fondamentali e non più rimandabili nel nostro sistema.",1
279173,279174,19/07/2010,6,36,1,Rocco Girlanda,PDL,"La riduzione della dotazione di cassa della spesa corrente dipende per la gran parte dal forte decremento della spesa per interessi, per un totale di 5.364 milioni, determinata per lo più dall'adeguamento all'effettivo fabbisogno per gli interessi sui titoli del debito pubblico.",0
1506116,1506117,17/07/2015,111,7,1,Girgis Giorgio Sorial,,"L'avete permesso svendendo quote di tutti questi settori strategici, di un settore strategico come quello dell'energia, semplicemente per incassare qualche soldo da stanziare poi non a favore dei cittadini ma nel Fondo per l'ammortamento del debito pubblico, un buco nero dove sono stati messi quattrini svendendo parte degli asset italiani: anche questo è stato permesso al sistema finanziario cinese.",0
1097891,1097892,18/12/2013,112,24,2,Vincenzo Garofalo,NCD,"Solo così, infatti, possiamo ridurre il nostro enorme debito pubblico e creare le condizioni per un miglioramento delle condizioni di vita dei nostri cittadini, frenando la dilagante fuga delle nostre risorse, intellettuali e creative, perdendo capitale che è prima di tutto umano ma che è anche fatto di competenza e professionalità, quello che i nostri giovani acquisiscono nel nostro Paese e che, via via, esportano altrove per mancanza di prospettive stabili in casa propria.",1
459775,459776,28/04/2011,104,4,1,Giorgio La Malfa,MISTO,"E infatti, se non vi sarà crescita, se il vincolo europeo sul debito pubblico che è stato introdotto e che prevede che ogni anno i Paesi che hanno un debito superiore al 60 per cento riducano la differenza di un ventesimo - il che vuol dire il 3 per cento l'anno per l'Italia, che ha il doppio del debito pubblico in rapporto al PIL rispetto al limite previsto - non verrà attenuato da una forte crescita del reddito nazionale, l'Italia sarà costretta ad una lunga, lunghissima serie di anni con politiche economiche insopportabili, onorevoli colleghi.",0
834796,834797,21/12/2012,252,4,2,Roberto Simonetti,LEGA-LN,"Ciò ha fatto sì che sia stato sforato il tetto dei 2 mila miliardi di euro di debito pubblico, un macigno che le politiche consociative degli anni Ottanta e Novanta hanno messo in capo a ogni singolo cittadino.",0
733405,733406,12/12/2012,297,1,4,Arturo Iannaccone,Noi Sud,"È aumentata la disoccupazione, è diminuito il prodotto interno lordo, sono aumentate le tasse, è aumentato il debito pubblico.",0
2372834,2372835,03/12/2019,145,3,1,Francesco Acquaroli,FDI,"Il contribuente è forse il soggetto che in Italia ha il ruolo principale, perché noi abbiamo una spesa pubblica molto, molto elevata, e abbiamo un debito pubblico molto elevato, quindi il contribuente è il soggetto attore principale, perché consente a tutti noi e a tutte le istituzioni di poter adempiere i propri compiti a tutti i livelli.",0
795364,795365,07/08/2012,322,6,2,Roberto Simonetti,LEGA-LN,"E, anche in questo caso, aiuta una banca - nel dettaglio, il Monte dei Paschi di Siena che, tra l'altro, ha una connotazione politica ben precisa -, che viene salvata dallo Stato mediante un impegno di acquisto dei sui titoli per un valore di almeno 4 miliardi di euro, trovati mediante l'accensione di debito pubblico.",0
1392234,1392235,07/08/2014,195,3,3,Paolo Tancredi,NCD,"Lei sa benissimo che questa è una caratteristica fondamentale anche per il controllo del debito pubblico, che in questi anni è cresciuto soprattutto per colpa della diminuzione del PIL e anche per alcune partite straordinarie, ma è cresciuto con una dinamica inferiore a quella di tutti gli altri Paesi dell'area euro.",0
2232210,2232211,18/02/2019,66,1,6,Francesca Gerardi,LEGA-LN,"La Commissione non si limita a svolgere solamente i compiti appena descritti, ma accende un vero e proprio faro, inoltre, su ulteriori aspetti dell'attività bancaria, quali il sistema dei Confidi, le agenzie di rating, i sistemi di informazione creditizia, l'utilizzo degli strumenti derivati da parte degli enti pubblici e il debito pubblico, in relazione alla disciplina sulla cartolarizzazione delle sofferenze ed alla relativa garanzia statale, le fondazioni bancarie e le norme in materia di tutela del risparmio.",0
418195,418196,15/06/2010,54,13,2,Renato Cambursano,IDV,"Stiamo parlando del debito pubblico ufficiale, al quale sarebbe interessante aggiungere anche quello non ufficiale, che non ci è dato di conoscere e sul quale abbiamo chiesto notizie.",0
1225698,1225699,17/04/2014,74,9,1,Gianni Melilla,SEL-SI,"La scelta di competere sui costi e non sullo sviluppo si trova nella modesta proiezione del tasso medio annuo di variazione della produttività, nella riduzione del costo del lavoro in termini reali e nel programmatico contenimento dell'inflazione del costo del lavoro per unità di prodotto, malgrado i tanti richiami internazionali sul rischio di deflazione con le conseguenti ricadute negative sul debito pubblico e sull'occupazione.",0
1002778,1002779,01/10/2013,78,2,5,Maino Marchi,PD,"Il 2012 è stato il terzo anno consecutivo di diminuzione della spesa pubblica primaria in termini nominali e, quindi, tagli veri, ma in quei tre anni il debito pubblico in rapporto al PIL è sempre cresciuto, sia con il Governo Berlusconi che con il Governo Monti, perché è fondamentale il tema della crescita, del lavoro, dell'equità nella distribuzione dei redditi, anche per la finanza pubblica.",0
424060,424061,20/07/2010,20,4,5,Gian Luca Galletti,UDC,"Questo carico è insopportabile, non è possibile che su questa famiglia gravi una quota di spese, di interessi, di spesa corrente e di debito pubblico così elevato.",0
439550,439551,16/11/2010,20,1,5,Renato Cambursano,IDV,"«Se la questione del debito pubblico non diventa una delle sfide chiave o la sfida principale delle prossime elezioni politiche - che ormai sono alle porte, e questo lo dico io - sarà inevitabile una crisi di proporzioni enormi.",1
770569,770570,06/12/2012,18,6,4,Benedetto Della Vedova,FLI,A chi dice che lo spread è merito degli interventi della Banca centrale europea chiedo: pensate che con l'Italia di un anno fa Mario Draghi avrebbe potuto dire «compreremo illimitatamente titoli del debito pubblico di Spagna e Italia»?,0
2381673,2381674,05/12/2019,33,5,11,Alessandro Cattaneo,FI,Va detto che il debito pubblico galoppa anche per delle eredità che arrivano dai Governi precedenti.,0
2201244,2201245,19/06/2018,60,1,2,Luigi Marattin,PD,"Paese cumulativamente in questi anni si sono ripresi quasi del 10 per cento, del 9,5; il deficit in rapporto al PIL si è dimezzato, dal 3 per cento all'1,6 previsto quest'anno, e il debito pubblico che, lo ripeto, non va misurato in valori assoluti mentre voi continuate a dire 300 miliardi, 200 miliardi, il debito in valori assoluti cresce sempre finché c'è un deficit positivo, ma il debito va misurato in rapporto al PIL e in rapporto al PIL si è stabilizzato al 131,8 per cento, anche se è un valore molto alto.",0
1405205,1405206,20/03/2014,33,7,2,Giampaolo Galli,PD,"Nessun politico è contento di votare contro emendamenti che danno delle provvidenze probabilmente utili, ma il problema è che c’è un più profondo senso di responsabilità che ha animato il voto dei deputati di maggioranza, ed è la consapevolezza che c’è un tema molto serio che è quello del debito pubblico e delle coperture.",1
2422799,2422800,11/12/2019,166,1,9,Giorgia Meloni,FDI,"È ragionevole dire che non ha molto senso che noi, che ci siamo salvati da soli le nostre banche che erano esposte sul fronte dei non performing loans, senza che a nessuno interessasse, aumentando il nostro debito pubblico, che oggi dobbiamo usare i soldi degli italiani e degli europei per salvare le banche francesi e tedesche (Applausi dei deputati del gruppo Fratelli d'Italia)?",0
1486287,1486288,10/03/2015,20,6,1,Fabio Rampelli,FDI,"Non c’è stato consentito di introdurre il principio dell'equità generazionale, quello della partecipazione attiva dei giovani alla vita politica come se si volesse rimuovere, invece che affrontare, il problema che abbiamo dovuto constatare essersi presentato nel tempo e aver prodotto danni inenarrabili con un debito pubblico che è pari al 130 per cento del PIL ancora oggi, più o meno, come se non si volesse far passare il principio che ogni generazione deve fare i conti con le proprie tasche e la propria capacità di produrre ricchezza senza indebitare le generazioni che verranno, come se si volesse rimuovere il problema, ormai drammatico, di generazioni, giovani generazioni che avranno delle pensioni da fame in futuro, anche perché hanno una clamorosa difficoltà di accesso al mondo del lavoro.",1
1474324,1474325,08/06/2015,10,2,2,Sergio Battelli,M5S,"Un'Europa dei popoli, dove la Grecia e l'Italia non siano al centro del dibattito solo quando si parla di debito pubblico, di inadempienze, di spread, ma siano i promotori del dibattito e delle politiche volte ad affrontare l'imprescindibile necessità di incrementare la produttività e la competitività delle aziende, soprattutto PMI, che sono la colonna portante del nostro Paese, come è bene ricordare sempre, e di migliorare il livello del welfare.",0
601043,601044,26/09/2011,44,3,2,Pierluigi Mantini,UDC,"Per il vero, nel Documento di economia e finanza 2011 il Governo attribuisce a queste modifiche costituzionali un rilevante significato di scossa positiva all'economia, con un eccesso davvero esagerato di ottimismo anche con riguardo agli effetti e ai tempi necessariamente lunghi delle riforme costituzionali, a fronte dell'urgenza invece di forti misure per il contenimento della spesa e del debito pubblico e per la crescita del Paese.",0
279197,279198,19/07/2010,10,5,3,Maino Marchi,PD,"Per ora i fatti certificano che negli anni di Governo del centrosinistra - 1996-2001 e 2006-2007 - il debito pubblico è diminuito, mentre negli anni del Governo di centrodestra e della destra - 2001-2006 e dal 2008 ad oggi - il debito pubblico è sempre cresciuto.",0
1225442,1225443,17/04/2014,52,12,1,Pier Carlo Padoan,PD,"A questo fine, sottopongo alla vostra attenzione la relazione sull'indebitamento del debito pubblico contenuta nel capitolo 3 della sezione 1 del Documento di economia e finanza.",0
105708,105709,29/07/2009,78,4,1,Massimo Bitonci,LEGA-LN,"Altra critica dei colleghi è relativa all'aumento del debito pubblico, che il Governo ha cercato di contenere, ma che è cresciuto al 115 per cento in rapporto al PIL.",0
563670,563671,18/11/2011,158,11,2,Angelino Alfano,PDL,"È un compito decisivo, per il quale non mancherà l'apporto politico e, se mi permettete, anche tecnico delle migliori esperienze legislative e di Governo, che hanno segnato la storia degli ultimi tre anni nel campo della lotta alla criminalità organizzata, della tenuta dei conti pubblici, della impostazione della riforma fiscale, della riforma del mercato del lavoro e dell'istruzione (Applausi dei deputati del gruppo Popolo della Libertà) e di molte altre priorità e che ci hanno infine condotto alla formulazione del pareggio di bilancio per il 2013, all'avanzo primario migliore tra i nostri partner, a un tasso di disoccupazione inferiore a quello dei concorrenti e alla difesa in generale dei fondamentali di un'economia solida il cui storico sovraccarico di debito pubblico è oggi sotto forte attacco dei mercati finanziari.",0
1482132,1482133,10/09/2015,53,8,2,Mario Sberna,CD,"Come suggerisce, con la solita appassionata e speciale competenza, l'ex Ministro Enzo Moavero, l'Italia potrebbe tornare protagonista della nuova Europa unita rilanciando la discussione attraverso l'introduzione di un bilancio indipendente per l'Eurozona che compensi le asimmetrie tra gli Stati e incentivi riforme strutturali e investimenti che creino posti di lavoro, finanziato da entrate autonome che sostituiscano tributi nazionali simili; la facoltà di emettere titoli europei di debito pubblico per raccogliere finanziamenti e riducendo l'analoga necessità dei vari Paesi, a sollievo dei loro oberati conti e relativi interessi da pagare; l'istituzione di un Ministro europeo con competenze fiscali, di tesoreria e di spesa, che dialoghi con i Governi nazionali e con la BCE, rispondendo a rappresentanti democraticamente eletti dai cittadini, cioè i deputati europei dell'Eurozona; un sistema di accordi contrattuali che prevedano incentivi ad ogni Stato che vara le riforme richieste dalle annuali raccomandazioni del Consiglio europeo; una politica di stimolo degli investimenti favorevoli all'occupazione che potenzi il piano Juncker, innovi gli interventi della BEI, estenda l'uso del project bond, valorizzi al meglio le potenzialità di un bilancio dell'Eurozona.",0
439829,439830,16/11/2010,38,14,2,Francesco Barbato,IDV,"Con il Governo Berlusconi si è accumulato - badate bene, signori deputati! - il 25 per cento dell'intero debito pubblico di questo",0
430666,430667,29/09/2010,150,3,6,Silvio Berlusconi,PDL,"Il debito pubblico, nella sua sostanza, è rimasto quello di prima, o con un aumento limitatissimo, ma il numeratore è aumentato come qualcuno dell'opposizione ha, con verità, ricordato.",0
622838,622839,16/12/2011,707,16,2,Marco Giovanni Reguzzoni,LEGA-LN,"Voi del PD siete come il debito pubblico: peggiorate sempre, non migliorate mai (Applausi dei deputati del gruppo Lega Nord Padania - Commenti dei deputati del gruppo Partito Democratico)!",0
2272178,2272179,23/12/2019,38,6,10,Claudio Borghi,LEGA-LN,"Ma, scusate, a me piacerebbe che ogni tanto qualcuno facesse questa piccola riflessione: i 3 mila miliardi di debito pubblico dell'eurozona sono in questo momento custoditi nelle banche centrali e segnatamente nell'Eurosistema, quindi, sotto la responsabilità della signora Lagarde, ma se la signora Lagarde, domani, senza dire niente a nessuno…",0
169903,169904,27/04/2009,10,18,5,Aurelio Salvatore Misiti,IDV,"È vero che abbiamo un alto debito pubblico, le risorse sono limitate, la profonda crisi economica in atto acuisce drammaticamente le disparità sociali, ma è anche vero che non possiamo continuare a prendere ai meno ricchi e dare ai ricchi, oppure a prendere dalle zone del Paese più svantaggiate, come il Mezzogiorno, e trasferire risorse verso le zone meno svantaggiate.",1
1109931,1109932,08/07/2013,16,5,3,Claudia Mannino,M5S,"In quegli anni, mentre si iniziava ad alzare il «volume» di un'Unione europea, la Germania ostentava l'unità monetaria e, investendo su se stessa in termini di debito pubblico, ha unificato, rinnovato e investito sulle proprie aziende, portandole all'avanguardia, e solo dopo ha acconsentito al passaggio verso la moneta unica, su cui riversare il proprio debito pubblico.",0
422358,422359,13/12/2010,6,14,1,Enrico Letta,PD,"Oggi il debito pubblico è tornato ai livelli di allora - mi faccia dire, rispetto alla replica che ha fatto oggi al Senato, che purtroppo le sue repliche sono sempre più gustose di quando legge i suoi interventi scritti - e nemmeno nella prima Repubblica il ritmo di crescita in due anni del debito pubblico è stato pari a quello della crescita in questo biennio: 16 punti di crescita in due anni.",0
412369,412370,19/05/2010,27,7,2,Fabrizio Cicchitto,PDL,"In caso contrario, ripercorreremmo delle strade che hanno portato il debito pubblico nelle condizioni nelle quali siamo.",0
804783,804784,25/01/2012,133,3,2,Leoluca Orlando,IDV,"La nostra posizione è di vigilanza critica e costruttiva, atto per atto, scelta per scelta, a presidio - non ci stancheremo mai di ripeterlo - dell'equità sociale per l'eliminazione di privilegi e sprechi, a presidio della crescita produttiva ed economica; un'azione, quella dell'Italia dei Valori, nelle aule parlamentari, per l'abbattimento del debito pubblico e, al tempo stesso, la lotta all'abnorme evasione e alla scandalosa corruzione.",0
422806,422807,13/12/2010,71,5,2,Piero Fassino,PD,"La crisi che l'ha portata qui ha le sue radici in un debito pubblico che è cresciuto costantemente e sottolineo che, ogni qual volta governate voi, cresce, dopo che i governi di centrosinistra quel debito pubblico lo hanno ridotto (Applausi dei deputati del gruppo Partito Democratico).",0
332740,332741,26/07/2010,86,4,1,Ivano Strizzolo,PD,"Siccome spesso in quest'Aula, soprattutto da parte dei colleghi della Lega Nord, si afferma che l'enorme debito pubblico è colpa dei Governi di centrosinistra degli anni Ottanta e dei primi anni Novanta, questo è vero solamente in parte; l'aumento del debito pubblico si deve anche a chi ha governato questo Paese almeno 10-11 anni degli ultimi 15-16 anni.",0
824386,824387,19/07/2012,149,10,1,Alberto Giorgetti,PDL,"Anche su questo vorrei togliere qualche - a mio avviso - mistificazione che è stata fatta rispetto al peso dell'operazione, perché credo sia stata tutto sommato ben rappresentata anche dal Governo quella che è la necessità di tutela del debito pubblico.",0
1739756,1739757,15/01/2016,71,3,1,Vito De Filippo,PD,"Al riguardo, relativamente alle risposte necessarie per finanziare il riacquisto, si fa presente che, come previsto dall'articolo 45 del decreto-legge n. 66 del 2014, convertito, con modificazioni, dalla legge n. 89 sempre del 2014, le risorse in questione sono state reperite nel corso del 2014 nell'ambito della complessiva attività di finanziamento del debito pubblico, quindi con l'emissione di uno specifico BTP trentennale.",0
312783,312784,10/03/2010,404,5,1,Antonio Palagiano,IDV,"L'Italia è un Paese con 1.750 miliardi di debito pubblico e che ha il primato europeo di evasione fiscale, con il più alto numero di pirati della strada, che rappresenta il tasso di caduta di civiltà che avvilisce il nostro Paese.",0
833747,833748,21/12/2012,75,1,2,Antonio Di Pietro,IDV,"Gli italiani, nella maggior parte dei casi, non arrivano a fine mese perché la disoccupazione è aumentata, la recessione è aumentata, il debito pubblico è aumentato, le speranze di futuro sono diminuite.",0
690806,690807,02/08/2012,59,3,2,Amedeo Ciccanti,UDC,"Il Six pack, ossia i regolamenti comunitari sottoscritti dal Governo Berlusconi nel marzo 2011 e poi trasferiti nel Trattato europeo che va sotto il nome di fiscal compact, prevede che l'Italia dal 1o gennaio 2015 dovrà ridurre il proprio debito pubblico di un ventesimo del proprio PIL, ossia di una media pari a circa 30-40 miliardi di euro l'anno.",0
548945,548946,15/06/2011,189,10,1,Silvana Andreina Comaroli,LEGA-LN,"Questo Governo si è proposto l'obiettivo, fin dal suo insediamento, di coniugare rigore e crescita, individuando due indici cruciali: il debito pubblico e il PIL.",0
991099,991100,06/05/2013,51,1,7,Mauro Pili,PDL,"È un DEF che ha dimostrato, nel suo diretto risultato, di non aver perseguito l'obiettivo principale e cioè l'abbattimento del debito pubblico e ha sostanzialmente, con i tagli lineari e con un'azione di pressione fiscale indebita, bloccato qualsiasi attività e prospettiva di crescita.",0
336193,336194,13/10/2010,37,11,3,Giuseppe Francesco Maria Marinello,PDL,"Intanto, il primo concetto importantissimo è quello di debito aggregato, il quale è composto dalla somma delle percentuali del debito pubblico con il debito privato (il debito delle famiglie), e poiché sappiamo che le famiglie italiane hanno sempre avuto un'alta propensione al risparmio, questo è un dato sicuramente migliore rispetto alla media dell'Unione europea.",0
1416423,1416424,24/09/2015,28,11,3,Rocco Palese,FI,"C’è, giorno per giorno, bollettino per bollettino, l'aumento del debito pubblico, e anche su questo abbiamo una critica severa da fare nei confronti della politica gestionale delle risorse pubbliche.",0
2202273,2202274,06/12/2018,20,2,2,Alfredo Bazoli,PD,"E questa perdita di fiducia è esattamente ciò che ha determinato i risultati disastrosi di questi primi sei mesi di Governo: l'aumento del costo del debito pubblico, che peserà come una tassa aggiuntiva di circa 5 miliardi all'anno sugli italiani, il tracollo della crescita, che dopo quattordici trimestri consecutivi di espansione modesta ma costante, nell'ultimo trimestre è tornata negativa e l'improvvisa inversione di tendenza della disoccupazione, che è tornata a crescere.",1
527275,527276,06/04/2011,706,3,2,Roberto Simonetti,LEGA-LN,"Infatti la maggior sofferenza è stata subita da chi aveva in seno una grande bolla finanziaria, non un grande debito pubblico.",0
1040848,1040849,22/07/2013,65,2,2,Alessio Mattia Villarosa,M5S,"Il debito pubblico è al record di 2.074 miliardi di euro, andiamo verso il 130 per cento del PIL; il rapporto debito-PIL, appunto, è passato dal 106 per cento al 130 per cento in quattro anni, il 20 per cento in quattro anni.",0
688029,688030,21/03/2012,36,3,8,Vincenzo D'Anna,PDL,"Eppure ci hanno spiegato che la crisi del debito pubblico e la crisi del debito degli Stati era dovuta alla mancanza delle liberalizzazioni, e che quindi occorreva avere meno Stato e più mercato, e quant'altro fosse stato necessario in una nazione che aveva più partecipazioni statali dell'Unione Sovietica.",0
1220909,1220910,26/06/2014,15,5,2,Rocco Palese,FI,"Sul debito pubblico pesa poi l'incognita relativa al pagamento dell'integrale ammontare di debiti commerciali della pubblica amministrazione alle aziende, quantificato provvisoriamente dalla Banca d'Italia in 75 miliardi di euro (ma che potrebbe essere ben più elevato).",0
1211223,1211224,13/06/2014,8,21,6,Paolo Petrini,PD,"Per riuscire abbiamo bisogno di perseguire la sostenibilità del debito pubblico e l'equilibrio delle partite correnti, ma abbiamo anche bisogno di far comprendere ai nostri compagni di strada europei che se miglioriamo troppo in fretta possiamo prenderci un esaurimento.",0
983824,983825,14/11/2013,426,3,2,Dario Parrini,PD,"Altrettanto vero è che noi non dobbiamo mai dimenticare che la particolarità del nostro Paese ha a che fare con un debito pubblico in rapporto al prodotto interno lordo che – ahime ! –, nonostante sia aumentato anche negli altri Paesi, è nel nostro caso eccezionalmente più elevato e ci pone in una situazione del tutto originale e priva di eguali tra i grandi Paesi dell'Unione europea.",0
1689373,1689374,13/03/2015,56,10,2,Giulio Marcon,SEL-SI,"Infatti, il problema dell'Eurozona non è, come ricordavo all'inizio, semplicemente un problema di debito pubblico, ovvero di eccessivo debito.",0
32692,32693,22/07/2009,119,4,4,Francesco Barbato,IDV,"Questo era il settore sul quale bisognava mettere le mani e ciò avrebbe fatto migliorare il nostro debito pubblico, non ci avrebbe costretto a finanziarie «al sangue» e avrebbe davvero rimesso in sesto l'economia.",0
926380,926381,21/05/2013,21,7,10,Sandro Gozi,PD,"Uscita dalla procedura per deficit eccessivo, golden rule per non computare come debito pubblico la spesa per gli investimenti produttivi e quella a favore dell'occupazione giovanile, solo per ricordare due priorità.",0
53509,53510,13/01/2009,51,15,3,Rosy Bindi,PD,"Infatti, il nostro Paese sta pagando questa crisi più di altri Paesi non soltanto a causa del debito pubblico ma per la forte disuguaglianza che attraversa il nostro territorio e per l'immobilità sociale, che pesa soprattutto sui giovani e, comunque, soprattutto sui più deboli.",0
451724,451725,10/10/2011,14,17,1,Maino Marchi,PD,Non si poteva fare altro a causa del forte debito pubblico?,0
843103,843104,05/03/2012,15,17,1,Massimo Vannucci,PD,Siamo di fronte ad un problema enorme: quello del debito pubblico.,1
335863,335864,13/10/2010,12,15,1,Amedeo Ciccanti,UDC,"Fino alla fine degli anni Ottanta, il nostro debito pubblico era sotto il PIL.",0
1334506,1334507,29/11/2014,12,4,3,Guido Guidesi,LEGA-LN,Intanto è aumentato il debito pubblico.,0
821240,821241,18/07/2012,210,5,8,Claudio D'amico,LEGA-LN,"Lei lo sa benissimo, signor Ministro, ma è giusto ricordarlo a tutti i cittadini che, leggendo le ultime notizie di stampa, abbiamo raggiunto il nuovo record sul debito pubblico.",0
1157393,1157394,25/11/2014,4,2,5,Carlo Sibilia,M5S,"Infatti, questo sarà il Governo dei record anche per questo: uno dei record che avrà il Governo Renzi sarà proprio quello di essere riuscito a condensare in due articoli una quantità infinita di illegittimità costituzionali e, oltre ad essere il Governo con il più alto debito pubblico della storia, oltre ad essere il Governo con il più alto tasso di disoccupazione della storia dopo la seconda guerra mondiale, avrà anche questo tipo di primato.",0
1335249,1335250,29/11/2014,30,3,6,Gian Luigi Gigli,CD,"Sono finalizzate al contrasto alla povertà anche alcune misure riguardanti l'immigrazione, quali l'istituzione del Fondo per l'accoglienza dei minori stranieri non accompagnati, lo stanziamento del Fondo nazionale per le politiche e i servizi dell'asilo, la stabilizzazione di quello a favore dei comuni sedi dei centri di accoglienza per favorire l'integrazione degli immigrati.",0
1761492,1761493,29/06/2016,20,10,2,Bruno Tabacci,CD,"Stati che la compongono, che, nonostante i ripetuti appelli e i proclami periodici, non hanno dimostrato nei fatti di puntare seriamente ad una maggiore integrazione e alla creazione di un'unificazione in chiave federale delle politiche bancarie, di bilancio, di difesa, degli esteri e di gestione dell'immigrazione.",0
195085,195086,22/12/2009,107,2,2,Eugenio Mazzarella,PD,È del tutto evidente che gli articoli 1 e 2 del testo unificato sono all'antitesi di questa esigenza di governo dei processi di immigrazione.,0
488359,488360,13/07/2011,67,4,1,Pierluigi Mantini,UDC,Il secondo essenziale criterio è la distinzione fra immigrazione legale ed immigrazione illegale.,0
1366056,1366057,01/04/2014,499,4,1,Nicola Molteni,LEGA-LN,"Prendiamo atto, con dolore e con dispiacere, che il Ministro Alfano se ne frega di venire in quest'Aula e di confrontarsi probabilmente più che con la Lega, con la propria coscienza, perché il Ministro Alfano votò con noi il reato di immigrazione clandestina.",0
1365806,1365807,01/04/2014,435,2,3,Nicola Molteni,LEGA-LN,"In secondo luogo, il reato di immigrazione clandestina non ingolfa i tribunali per un motivo molto semplice: il reato di immigrazione clandestina non è di competenza del tribunale, ma è di competenza del giudice di pace.",0
1800503,1800504,16/03/2016,76,5,5,Rocco Buttiglione,NCD,In conclusione sulla immigrazione abbiamo bisogno di riaffermare una identità culturale comune dell'Europa e in questa circostanza noi vediamo quanto è stato sbagliato non fare la Costituzione europea e non scrivere nella Costituzione europea le radici ebraico-cristiane della cultura europea.,0
914865,914866,11/06/2013,460,1,2,Khalid Chaouki,PD,"Aggressioni alle sedi del PD da parte dei militanti calabresi di Forza Nuova a Crotone, Catanzaro, Lamezia, Rossano, Reggio Calabria e Cosenza, con l'affissione di striscioni recanti la scritta: «L'immigrazione uccide»; e il loro comunicato, che mi unisce alla Ministra Kyenge come causa della loro presa di posizione, perché impegnati in Aula insieme a tanti altri colleghi sul fronte della riforma dell'attuale legge sulla cittadinanza.",0
1365590,1365591,01/04/2014,373,1,4,Nicola Molteni,LEGA-LN,"Voglio ricordare che in altri Paesi il reato di immigrazione clandestina, che da noi è sanzionato con l'ammenda, è sanzionato con il carcere.",0
1604496,1604497,16/12/2015,112,7,2,Rocco Buttiglione,NCD,"Abbiamo quindi bisogno, a livello di politica dell'immigrazione, di una politica dell'immigrazione comune, compresa la guardia costiera, compresa l'autorità per l'immigrazione, compresa la politica di cooperazione.",0
312757,312758,10/03/2010,398,2,2,Daniele Marantelli,PD,"Allora, rispetto ai bisogni delle persone, come il lavoro, la casa, la scuola, la salute, i problemi come la droga, l'immigrazione, la sicurezza, qual è la possibilità concreta di risposta di un sindaco?",0
290533,290534,14/10/2010,57,24,1,Giuseppe Cossiga,PDL,"Infine, si fa presente che sotto l'aspetto della prevenzione e repressione di possibili turbative e dei fenomeni illeciti, vi sono state già diverse operazioni che hanno portato a provvedimenti cautelari per reati, anche associativi, legati all'immigrazione clandestina ed al suo sfruttamento.",0
24098,24099,18/03/2009,308,2,2,Elena Maccanti,LEGA-LN,"Molti Paesi stranieri, come ad esempio gli Stati Uniti d'America, guidati dal Presidente Obama, stanno adottando politiche di controllo dell'immigrazione e dell'accesso degli stranieri ai posti di lavoro.",0
1214411,1214412,13/10/2014,56,11,8,Emanuele Cozzolino,M5S,"Oggi, con un'inchiesta parlamentare su un tema come i centri di accoglienza, ci si può ricollegare a quello spirito, perché, con queste strutture e con una primissima gestione dei migranti, noi dobbiamo comunque fare i conti e valutare quali siano le soluzioni migliori a disposizione, sia che abbiamo una visione fortemente restrittiva, sia che abbiamo una visione ampiamente tollerante dell'immigrazione, perché, né in un caso né in un altro, si può pensare di lasciare a piede libero sul nostro territorio uomini e donne non identificati e di cui non conosciamo le mete finali o gli obiettivi di vita.",0
1192082,1192083,24/06/2014,65,2,1,Annalisa Pannarale,SEL-SI,"Bene invece, direi, le sue intenzioni sulle politiche dell'immigrazione.",0
2072970,2072971,06/08/2018,339,2,1,Alessia Morani,PD,"Il tema dell'immigrazione, se andate a dare un'occhiata ai siti, ai social network in particolare, è stato uno dei temi su cui le fake news si sono accanite di più.",0
1117866,1117867,03/10/2013,265,16,3,Annalisa Pannarale,SEL-SI,"Ma questo ostacoli si rimuovono rimettendo al centro un welfare per donne e un welfare per uomini, investendo risorse nella scuola e nella formazione, puntando su politiche occupazionali e sociali che garantiscano alle donne quella emancipazione reddituale e professionale, modificando la legislazione in materia di immigrazione e cancellando quell'assurdo reato di clandestinità, perché le donne migranti e richiedenti asilo, le donne vittime di tratta, settore in cui l'Italia vanta un vergognoso primato in Europa, possano essere informate e accedere alla denuncia senza la paura di essere respinte o rinchiuse in quegli orrori che si chiamano CIE (Applausi dei deputati del gruppo Sinistra Ecologia Libertà).",0
1867143,1867144,11/05/2016,19,1,2,Fabio Rampelli,FDI,"Ne abbiamo parlato tante volte: la tassazione asfissiante, il debito pubblico, lo strozzinaggio bancario, la svendita di aziende private e pubbliche, il crollo dei consumi, la disoccupazione, l'emigrazione di giovani e di talenti italiani, l'immigrazione selvaggia, la certezza della pena, la sicurezza, la dignità per le Forze dell'ordine e potremmo andare avanti a lungo.",0
1967294,1967295,16/01/2017,40,6,2,Gregorio Fontana,FI,"Qui, è in gioco la sicurezza degli italiani nel senso più ampio dell'espressione, è in gioco la sicurezza sotto il profilo sociale ed economico, perché l'immigrazione incontrollata o gestita in maniera irrazionale ha costi insostenibili che gravano, alla fine, su tutti i cittadini, ma è in gioco anche la sicurezza sotto il profilo dell'ordine pubblico, perché c’è il rischio sia dell'esplosione di gravi tensioni sia della diffusione, anche in Italia, di cellule terroristiche.",0
1375918,1375919,11/06/2014,345,1,2,Paolo Alli,NCD,"Sono provvedimenti che toccano ambiti rilevanti: cito solo alcuni aspetti della legge di delegazione, cito il recepimento delle normative sulle agenzie di rating del credito, sui fondi di venture capital, importanti per il sistema della ricerca, sulla tutela dei consumatori, sulla risoluzione extragiudiziale delle controversie e vorrei spendere una parola particolare sul tema della protezione internazionale e della protezione temporanea su cui abbiamo sentito in questa Aula una certa confusione di termini, laddove questo tema, che è un tema molto specifico, è stato messo insieme al tema dell'immigrazione illegale e quant'altro.",0
2285052,2285053,22/07/2019,101,14,7,Michele Bordo,PD,"Avete affrontato il problema con superficialità e avendo in testa solo la propaganda e i risultati, al di là della demagogia, sono sotto gli occhi di tutti perché l'Italia è più isolata e meno credibile e il fenomeno immigrazione è ancora là, in attesa di una visione lunga, che permetta di affrontarlo con serietà e senza alcuna strumentalizzazione.",0
2226539,2226540,28/11/2018,575,3,4,Wanda Ferro,FDI,"E temiamo, ad esempio, che le poche misure positive nel settore dell'immigrazione vengano vanificate da quella possibile ipotesi che vedrà impegnato il Parlamento sul Global compact: oggi c'è stato un ordine del giorno, da noi presentato, respinto, che ci ha lasciato totalmente basiti.",0
121112,121113,08/04/2009,125,2,3,Filippo Ascierto,PDL,"Tuttavia, non possiamo concepire l'immigrazione clandestina come un fenomeno da condurre, da regolare e casomai anche da omologare.",0
1361112,1361113,26/03/2014,214,3,1,Sebastiano Barbanti,M5S,"In un momento come quello attuale, in cui le nostre scuole cadono letteralmente a pezzi e molte sono prive anche delle dotazioni minime utili all'insegnamento ed alla vivibilità (e mi riferisco alla tanto citata carta igienica, ai gessetti, addirittura ai cancellini, giusto per fare qualche esempio, e sono cose purtroppo tristemente reali), in cui l'imbarazzante situazione carceraria ci obbliga a ricorrere a strumenti che poco hanno a che fare con uno Stato di diritto (leggasi indulto, amnistie e strumenti vari), in cui il nostro territorio, per colpa anche della scelleratezza di alcuni amministratori locali che hanno consentito una cementificazione selvaggia, è vittima con facilità delle calamità naturali (e mi riferisco ad alluvioni, allagamenti, frane) che mettono a repentaglio la sicurezza dei nostri cittadini, in cui è forte il disagio sociale dovuto al fenomeno dell'immigrazione, da un lato quella legale, che non ha purtroppo i presidi di integrazione necessari, e dall'altro quella irregolare, che manca di prevenzione e di risoluzione, e, infine, in cui le nostre piccole e medie imprese muoiono letteralmente sotto i colpi del credit crunch o quelle poche fortunate che riescono a ricevere un po’ di credito devono sottostare a costi elevatissimi, che disincentivano l'investimento in quell'innovazione che può essere una strada per una ritrovata competitività e quindi sopravvivenza dell'impresa stessa e del sistema economico nazionale.",0
1620199,1620200,28/09/2015,58,17,2,Paola Binetti,NCD,"Se Renzi adesso può andare in Europa e a voce alta rivendicare che all'Europa la linea sull'immigrazione l'ha dettata il nostro Paese e l'ha dettata proprio attraverso i suoi gesti concreti d'inclusione – e non erano di buonismo, perché accogliere la vita che è in mare non è buonismo, è bontà allo stato puro, è umanità, cultura e tradizione – lo può fare in virtù delle nostre radici.",0
1312402,1312403,09/09/2014,4,49,1,Angelino Alfano,NCD,"L'offensiva dell'Islamic State rappresenta una forma orribile di sfida all'Occidente e ai suoi valori, ma non possiamo sovrapporla in maniera apodittica ai problemi dell'immigrazione, che sono tanti e per i quali ci stiamo tanto impegnando.",0
1573451,1573452,15/06/2015,64,4,3,Antonino Moscatt,PD,"Glielo chiediamo non perché abbiamo paura, non perché l'Italia ha paura, ma perché crediamo in un principio alto, in un principio che sta alla base di tutto, che per i credenti e per i cristiani dovrebbe essere sacro e per quelli non credenti dovrebbe essere imprescindibile, ma sicuramente per tutti inviolabile, che è il principio del rispetto dell'essere umano, è il principio del rispetto della persona, il principio del rispetto dell'altro, un principio che è stato un punto di riferimento in tutte le politiche che questo Governo ha adottato in questi mesi sul tema dell'immigrazione, che è il principio che anima tutti quei volontari che in questi giorni si stanno adoperando in Italia per sostenere le associazioni di categoria e le cooperative nell'accogliere i migranti.",0
1402613,1402614,08/10/2014,582,5,6,Nicola Molteni,LEGA-LN,"In questi due anni, il Governo, Letta prima e Renzi poi, si è classificato per poche cose, soprattutto per le cose negative che sono state fatte in tema di immigrazione e di gestione dei flussi migratori.",0
1987041,1987042,08/03/2017,360,5,6,Ignazio La Russa,FDI,"È la domanda che vi poniamo, è la domanda che vi dovete porre, sia sui temi economici, sia sui temi dei rapporti commerciali, sia sui temi dell'immigrazione, sia sui temi etici.",0
224704,224705,03/02/2009,131,5,4,Luciano Dussin,LEGA-LN,"La differenza degli esiti elettorali sta nei programmi, perché la nostra gente, i nostri elettori vogliono sapere, ad esempio, che idee si hanno circa il modo di fronteggiare, regolamentare e assorbire i problemi legati all'immigrazione; come si pensa di agire in materia di sicurezza; quali programmi si intendono adottare al fine di mettere in moto una giustizia che non funziona da decenni; se si riuscirà o meno a dare a questo",0
292492,292493,30/09/2010,295,23,1,Alfredo Mantovano,PDL,"Il Ministro Maroni, in occasione del seminario sul diritto d'asilo e sulla lotta all'immigrazione clandestina, svoltosi a Parigi il 7 settembre scorso, ha ribadito che non è in discussione il diritto dei cittadini di Paesi membri dell'Unione europea di circolare liberamente all'interno delle frontiere comunitarie, bensì il loro diritto di risiedervi stabilmente, in assenza dei requisiti pure indicati dalla normativa europea, a cominciare da quello di possedere adeguate fonti di reddito.",0
195019,195020,22/12/2009,101,1,2,Aldo Di Biagio,PDL,"Il nostro Paese è passato nell'arco di qualche decennio da terra di emigrazione a terra di immigrazione, con tutte le complessità che questa evoluzione socio-economica comporta.",0
1475777,1475778,09/09/2015,110,3,1,Stefania Prestigiacomo,FI,"Lei sa bene che Forza Italia ha una posizione sull'immigrazione un po’ diversa da altre, forse anche all'opposizione.",0
121197,121198,08/04/2009,141,2,1,Mario Tassone,UDC,"Abbiamo detto chiaramente che questo tempo molto ampio di detenzione - praticamente è una detenzione - in questi centri di identificazione deve essere respinto, perché ci troviamo, in questo caso, tranquillamente in quell'assioma e in quell'equazione per cui l'immigrazione equivale alla criminalità.",0
1008433,1008434,20/11/2013,274,1,1,Stefano Allasia,LEGA-LN,"Signor Presidente, ribadendo il concetto che hanno già espresso i miei colleghi della Lega, che siamo assolutamente contrari a questo Fondo, noi, essendo contrari al Fondo sull'immigrazione, e alla clandestinità selvaggia soprattutto, non vediamo il futuro di questo",0
1479810,1479811,10/06/2015,71,6,2,Elvira Savino,FI,"Di fronte alla questione immigrazione, per esempio, che ha raggiunto ormai dimensioni epocali, come sappiamo, Renzi, nei giorni scorsi, ancora una volta, ha rimandato la ricerca di una soluzione, come spesso accade quando si presentano problemi seri, al prossimo Consiglio europeo di fine giugno.",0
1621906,1621907,15/04/2015,220,5,2,Celeste Costantino,SEL-SI,"Il nostro è un voto favorevole, convinto e deciso a questa Giornata, ma che non si vuole fermare qui: il prossimo passo dovrebbe essere adottare una visione più ampia sui fenomeni migratori, pensando ad un sistema europeo come comune di asilo, introducendo visti umanitari nei Paesi di origine e transito, aprendo canali legali per l'immigrazione.",0
865113,865114,18/01/2012,168,3,2,Savino Pezzotta,UDC,Per tale ragione riteniamo che occorre cogliere l'occasione dell'incontro italo-libico proprio per avviare in prima istanza una cooperazione tra i due Paesi anche in materia di asilo e di immigrazione basata sul rispetto dei diritti umani.,0
2024194,2024195,11/04/2017,29,1,12,Giulio Marcon,SEL-SI,"Con il decreto “sicurezza” volete la punizione dei poveri, e con quello sull'immigrazione un diritto di serie B per chi scappa dalle zone di guerra.",0
163678,163679,11/06/2009,190,10,1,Fabrizio Cicchitto,PDL,Un'ultima osservazione: ancora una volta il CSM ha debordato ed è intervenuto sindacando l'attività legislativa a proposito del reato di immigrazione clandestina.,0
921920,921921,15/05/2013,59,1,5,Nazzareno Pilozzi,SEL-SI,"Ci batteremo in Parlamento e nel Paese al fianco delle tante associazioni impegnate sulle tematiche dell'immigrazione, affinché vengano rimossi tutti gli ostacoli che limitano la possibilità di giungere ad una società interculturale e ad una società aperta, come la storia dell'Italia, ponte sul Mediterraneo tra culture differenti, merita (Applausi dei deputati del gruppo Sinistra Ecologia Libertà).",0
155910,155911,30/03/2009,50,27,4,Carolina Lussana,LEGA-LN,La connessione immigrazione irregolare e sicurezza è un dato di fatto e certo non è uno slogan di una propaganda politica nei confronti degli immigrati irregolari.,0
1480098,1480099,10/06/2015,133,3,2,Angelino Alfano,NCD,"Oltre a questo peso si pretende che alcune regioni del sud – Puglia, Calabria e Sicilia, in primo luogo – abbiano su di loro il peso totale dell'immigrazione, un grandissimo peso dell'immigrazione nel nostro Paese, incoerentemente rispetto alla battaglia che stiamo facendo in Europa.",0
1102567,1102568,09/12/2013,118,10,1,Massimiliano Fedriga,LEGA-LN,"Ebbene, allora, bisognerebbe anche dire che è proprio una direttiva europea che prevede la permanenza all'interno dei centri di immigrazione e di espulsione per diciotto mesi; è proprio una direttiva europea che dice che devono esserci questi centri negli Stati appartenenti all'Unione europea.",0
2452459,2452460,27/02/2019,221,3,2,Francesco Lollobrigida,FDI,"Noi abbiamo portato in quest'Aula un tema sulla vicenda dell'immigrazione, come, per esempio, quello del Global Compact, è un fatto noto che è stata Fratelli d'Italia a denunciare la follia con la quale il Presidente del Consiglio Conte aveva annunciato il parere favorevole su questo vergognoso documento (Applausi dei deputati del gruppo Fratelli d'Italia), che sostanzialmente rende inutile per gli Stati e per le forze che si dichiarano sovraniste qualsiasi iniziativa tesa a difendere e a tutelare i cittadini che ci pagano lo stipendio e per i quali siamo all'interno di questa Assise.",0
2206464,2206465,18/12/2018,284,10,3,Giorgio Silli,FI,"È un modo diversoidi intendere il Paese ed è chiaro e non mi stupisce che su tutti gli atti e su tutti i provvedimenti che parlano di immigrazione, all'interno del MoVimento 5 Stelle vi siano delle spaccature che sono legittime, perché c'è chi vede l'immigrazione in un modo e c'è chi la vede in un altro.",0
102758,102759,20/01/2009,743,14,1,Stefano Stefani,LEGA-LN,"Oltre alla conferma di 51 finanzieri in Libia per il contrasto all'immigrazione clandestina, va sottolineato, in relazione al contemporaneo esame parlamentare del Trattato che stiamo terminando in questi giorni, che un importante novità è rappresentata dal maggiore impiego in Africa per la missione in Darfur.",0
162713,162714,11/06/2009,110,7,5,Luisa Bossa,PD,"Tagliate le intercettazioni: ma che importa, abbiamo il reato di immigrazione clandestina!",0
1009044,1009045,20/11/2013,468,1,1,Riccardo Nuti,M5S,"Signor Presidente, volevo un attimino chiarire che l'emendamento richiede trasparenza per quanto riguarda i fondi destinati all'immigrazione.",0
1993912,1993913,10/04/2017,55,1,2,Presidente,,"4394 - Conversione in legge, con modificazioni, del decreto-legge 17 febbraio 2017, n. 13, recante disposizioni urgenti per l'accelerazione dei procedimenti in materia di protezione internazionale, nonché per il contrasto dell'immigrazione illegale (approvato dal Senato - scadenza: 18 aprile 2017) si è convenuta all'unanimità la seguente organizzazione dei lavori.",0
429980,429981,29/09/2010,65,2,3,Maria Piera Pastore,LEGA-LN,"La lotta all'immigrazione illegale rimane una delle priorità ed è, quindi, necessario potenziare i centri di identificazione ed espulsione.",0
1408158,1408159,02/04/2014,106,8,1,Antonio Leone,NCD,È incappata in questo provvedimento anche la questione dell'immigrazione clandestina.,0
207079,207080,12/05/2009,59,3,2,Guido Melis,PD,"Con questo disegno di legge voi pensate - voi vi illudete - di affrontare un grande e complesso tema economico, sociale e culturale come quello dell'immigrazione, facendo ricorso esclusivamente agli strumenti del diritto penale.",0
2043140,2043141,23/02/2017,296,4,3,Stefano Dambruoso,CI-SC,"Non andò a buon fine e oggi ci ritroviamo ad avere la necessità di stimolare e di sollecitare al massimo queste procedure, proprio perché si sta cercando di gestire quel fenomeno epocale che avviene con questa immigrazione, prevalentemente di origine africana, e con diversi Paesi dell'Africa centrale e del Nordafrica siamo già riusciti, in via bilaterale, ad attuare quello che è un obiettivo del Consiglio d'Europa, che con questa mozione si intende sollecitare.",0
2285539,2285540,22/07/2019,124,2,10,Stefano Lepri,PD,"Non c'è un disegno e non l'avete rappresentato in questa sede per favorire il rimpatrio ai siti volontari che sono, come sapete, un modo attraverso cui si può controllare e in qualche modo gestire i flussi di immigrazione irregolare, o anche regolare, di persone che hanno terminato una presenza nel nostro Paese, che magari prendono atto del loro fallimento e che magari, se opportunamente incentivati, potrebbero tornare.",0
167272,167273,23/06/2009,7,7,5,Sandro Gozi,PD,"Ricordo che con il Trattato di Lisbona i Parlamenti nazionali avranno un ruolo centrale in materia di diritti fondamentali, di immigrazione, di sicurezza e di giustizia.",0
1131345,1131346,13/02/2014,4,4,1,Marco Rondini,LEGA-LN,"Il 4 febbraio 2014, il medesimo Carletti ha ribadito però la sua versione dei fatti, aggiungendo che la Kyenge avrebbe rinunciato alla propria presenza in seguito a pressioni esercitate dal sindaco di Brescia, Emilio Del Bono, di cui sussisterebbe traccia indiretta in una mail inviata da Giovanna Benini, responsabile del Forum immigrazione del Partito Democratico, alla segreteria del Ministro per l'integrazione.",0
1481968,1481969,10/09/2015,36,4,1,Paolo Alli,NCD,"Veniamo al tema dei temi che è quello dell'immigrazione, un tema di fronte al quale il cambiamento drastico di atteggiamento che si è verificato in Europa nel giro di poche settimane è un fatto mai visto prima nella storia, non solo della politica europea, ma in generale a livello mondiale.",0
923797,923798,22/10/2013,21,1,2,Lara Ricciatti,SEL-SI,"Si parlerà di economia digitale, come ha già ricordato lei, signor Presidente, di innovazione, di servizi, di politica economica e sociale, con particolare riferimento alle misure per combattere la disoccupazione giovanile e sostenere le piccole e medie imprese, di futura architettura dell'unione economica e monetaria e delle politiche di immigrazione.",0
681326,681327,13/03/2012,389,9,1,Alberto Torazzi,LEGA-LN,"Per cui, non vi importa se la maggioranza comprende chi, fino a tre mesi fa, contestava questa politica di tasse e siede in Parlamento - lo voglio ricordare - perché ha promesso ai cittadini regole ferree sull'immigrazione e la sicurezza, e ora vota tutt'altro, colleghi del Popolo della Libertà (Applausi dei deputati del gruppo Lega Nord Padania), sorpresi, anche a mezzo stampa, della posizione della Lega.",0
2169766,2169767,26/11/2018,4,31,1,Giuseppe Brescia,M5S,"In conclusione, mi sento di dire che, rispetto a tutta la parte riguardante il tema immigrazione, questo nuovo impianto reggerà se almeno tre componenti importanti funzioneranno, ossia la gestione degli arrivi, se si attesterà intorno alle cifre di quest'anno, dell'anno corrente, i tempi di attesa delle commissioni territoriali che dovranno necessariamente essere molto più brevi e quanto previsto dal decreto lascia ben sperare in tal senso, perché appunto viene potenziato il sistema delle commissioni territoriali, e se migliora di gran lunga tutta la parte relativa ai rimpatri, che devono essere molto superiori a quelli attuali.",0
1782733,1782734,21/03/2016,81,6,9,Elvira Savino,FI,In poco meno di un anno l'azione della UE in materia di immigrazione ha visto ben 42 incontri e riunioni ai massimi livelli in Europa e ben 16 provvedimenti differenti adottati.,0
2404635,2404636,09/09/2019,403,1,6,Graziano Delrio,PD,"E la grande immigrazione, le grandi crisi economiche dipendono da questo.",0
1514859,1514860,27/11/2015,41,1,3,Adriano Zaccagnini,SEL-SI,"Ci chiediamo per quale motivo non venga rilasciato il rinnovo del permesso di soggiorno se dalle modifiche del Testo unico sull'immigrazione, all'articolo 7, commi 7 e 8, nel momento in cui non c’è più bisogno di una residenza basta l'autocertificazione.",0
909526,909527,19/06/2013,288,6,3,Gianluca Pini,LEGA-LN,"Quindi, quando si sente parlare di rivedere la legge sull'immigrazione (la legge voluta dal qui presente Umberto Bossi...",0
2317220,2317221,16/07/2019,30,1,4,Luigi Gaetti,,"Al riguardo, rammento che le divisioni Polizia amministrativa e sociale e dell'immigrazione (l'acronimo è PASI) sono state istituite nelle questure italiane sin dal 2001.",0
927054,927055,21/05/2013,102,1,1,Khalid Chaouki,PD,"Signor Presidente, vorrei intervenire in merito ad una segnalazione che ci è stata fatta dall'Associazione per gli studi giuridici sull'immigrazione (Asgi) che si occupa di immigrazione e di minori in particolare, rispetto anche alla manifestazione che tuttora è qui fuori dalla Camera, con oltre 300 minori di origine del Bangladesh.",0
921931,921932,15/05/2013,63,1,2,Cécile Kyenge,PD,"Signor Presidente, onorevoli colleghi, il deputato Molteni chiede di conoscere molteplici intendimenti del Ministro per l'integrazione in merito ad eventuali modifiche della legge sulla cittadinanza, all'abrogazione del reato di immigrazione clandestina, alla chiusura dei CIE, dove – faccio notare – si può restare privati della libertà personale fino a diciotto mesi, nonché chiede di conoscere se si tratta di priorità del mio Ministero.",0
553450,553451,24/01/2011,13,2,9,Mario Barbi,PD,"Si quadruplica la spesa della missione italo-libica per contrastare l'immigrazione clandestina da due a otto milioni; resta assai importante l'azione di contrasto alla pirateria dinanzi alle coste somale in ambito sia NATO Ocean Shield che Unione europea, Atalanta, così come permane di una certa importanza l'impegno in ambito NATO per l'addestramento delle forze di sicurezza irachene.",0
277491,277492,29/07/2010,174,1,4,Angelo Compagnon,UDC,"Qui si tratta di un ordine del giorno che individua la posizione di 650 unità che hanno vinto un concorso per il quale la legge prevedeva la stabilizzazione definitiva di precari già dipendenti del Ministero dell'interno che in questo momento, dopo aver vinto il concorso, sono impiegati negli uffici immigrazione di prefetture e di questure in tutta Italia.",0
104717,104718,30/04/2009,32,8,2,Giorgio Clelio Stracquadanio,PDL,"Perché solo chi non può acquistare sicurezza supplementare con il danaro ed è costretto ad accontentarsi della sicurezza che noi gli diamo - ed è una sicurezza che non esiste perché consentiamo al clandestino, cioè a chi sta delinquendo, di prosperare nel delinquere - si ribellerà, tanto è vero che i dati elettorali testimoniano come nei quartieri popolari questi argomenti (e a volte argomenti anche più forti) contro la clandestinità e contro l'immigrazione si fanno strada.",0
564451,564452,11/07/2011,10,2,1,Isabella Bertolini,PDL,"Vi è un'altra innovazione che abbiamo apportato in Commissione e ci tengo a sottolinearla: abbiamo introdotto un emendamento che comporta una modifica importante al Testo unico sull'immigrazione, in particolare all'articolo 32.",0
1929204,1929205,13/07/2016,219,2,3,Ignazio La Russa,FDI,"Ben venga un'azione di dignità, ma si può scegliere non un'azione che metta a repentaglio la lotta al terrorismo e il contrasto all'immigrazione clandestina.",0
154116,154117,24/11/2009,89,1,2,Margherita Boniver,PDL,"Questa è la parola chiave che dobbiamo tenere in mente quando si parla di immigrazione, di integrazione, di contrasto all'immigrazione clandestina, degli obblighi internazionali in materia umanitaria.",0
1008297,1008298,20/11/2013,228,2,2,Massimo Enrico Corsaro,FDI,"Si cancellano 90 dei 100 milioni di euro di cui è costituito questo fondo e si utilizzano 50 milioni di euro, peraltro inesistenti, in un fondo che al momento non è capiente e, quindi, non c’è misura di copertura, prelevandoli dalla destinazione che dovrebbe essere prevista per il supporto alle vittime della mafia e dell'estorsione, per fare la costituzione di una dotazione per l'accoglienza straordinaria a fronte dei nuovi flussi di immigrazione nel nostro Paese.",0
2294631,2294632,25/06/2019,11,16,3,Riccardo Olgiati,M5S,"La proposta di relazione all'Assemblea approvata è stata quella dei relatori ma è stato approvato anche un emendamento riformulato, a prima firma dell'onorevole Quartapelle Procopio, che prevede, con riferimento alla missione bilaterale di assistenza alla Guardia costiera libica, di cui alla scheda n. 23/2019, di autorizzarla impegnando il Governo a una verifica stringente e costante che le imbarcazioni fornite dall'Italia alla Libia, con particolare riguardo ai modelli dei guardacoste Corrubia, montino solo la strumentazione utile al controllo e alla sicurezza nel contrasto all'immigrazione illegale e al traffico di esseri umani, nonché alle attività di soccorso in mare in rispetto delle vigenti disposizioni internazionali ed europee in materia di embargo.",0
230245,230246,13/07/2010,8,4,2,Pier Paolo Baretta,PD,"La vicenda stessa della direttiva Bolkestein ci dà la misura del problema e i fattori demografici, nell'evidente positività dell'allungamento della vita media, pongono, anche a causa della caduta del tasso di fertilità, il tema dell'invecchiamento delle aree più storiche mentre l'immigrazione diventa, anche per queste ragioni, un fenomeno forse regolabile, ma inarrestabile.",0
1634256,1634257,25/03/2015,139,18,1,Tatiana Basilio,M5S,"È palese che questa missione che non ha fermato l'immigrazione e, ahimè, nemmeno è servita a pacificare due Governi e un buon numero di tribù, che si sono trovate a briglia sciolta dopo che la Francia e gli Stati facenti parte della NATO, con un'operazione militare, hanno deciso di rovesciare quella parvenza di stabilità che aveva una nazione, purtroppo governata – è vero – all'epoca da un dittatore.",0
1479813,1479814,10/06/2015,71,8,1,Elvira Savino,FI,"Vorrei ricordare che la Camera, alla vigilia del Consiglio europeo straordinario dello scorso aprile, sul problema dell'immigrazione, approvando il dispositivo della nostra risoluzione, impegnava il Governo ad una serie di iniziative, come, per esempio: istituire un tavolo di coesione nazionale per l'emergenza immigrazione e per le crisi internazionali in atto; adottare ogni iniziativa per promuovere un'azione incisiva a livello europeo; trovare la strada giuridicamente e politicamente congrua per intervenire, con un ruolo di leadership, sulla costa libica, nell'ambito di una forza multinazionale sotto l'egida delle organizzazioni internazionali; valutare l'opportunità di ricorrere anche ad altri strumenti di intervento, quali la sottrazione del costo che l'Italia sostiene per far fronte ad un'emergenza che è di tutta l'Europa, e di cui, invece, ci facciamo carico solo noi, dal contributo che ogni anno il nostro Paese versa all'Unione europea.",0
2457014,2457015,20/02/2019,402,18,2,Presidente,,"Seguito della discussione delle mozioni Lollobrigida ed altri n. 1-00113 e Magi e Schullian n. 1-00121 concernenti iniziative per il contrasto all'immigrazione clandestina e alle organizzazioni criminali straniere, con particolare riferimento alla cosiddetta mafia nigeriana .",0
1549607,1549608,28/10/2015,372,1,4,Nicola Molteni,LEGA-LN,"Avremmo voluto e ci saremmo aspettati che per affrontare questo tema, che tra l'altro è all'ordine del giorno della politica nazionale ed europea ormai da anni, fosse presente in questa aula il Ministro dell'immigrazione clandestina di questo Paese, il Ministro Alfano.",0
2073520,2073521,06/08/2018,396,1,5,Gian Mario Fragomeli,PD,"Si sente di dire queste cose e giustamente tutto perché va giustificata una politica di contrasto ai trafficanti, perché appunto bisogna contrastare quello che in questo modo oggi è una politica dell'immigrazione.",0
65077,65078,05/05/2009,38,1,1,Rocco Buttiglione,UDC,"Il cammino da percorrere è un altro ed è quello - da me più volte indicato - di una conferenza dei Paesi rivieraschi del Mediterraneo per combattere l'immigrazione clandestina, ma anche per aprire i canali dell'immigrazione legale.",0
760537,760538,16/01/2012,62,3,2,Fabio Porta,PD,"È in questo quadro che si inserisce il memorandum di intesa, firmato il 17 giugno del 2011, sulla collaborazione in materia di contrasto all'immigrazione clandestina, con cui il Consiglio nazionale di transizione si è impegnato a rispettare i precedenti accordi italo-libici e a rafforzare la collaborazione bilaterale in materia di sicurezza sulla base dell'Accordo italo-libico del 2000 su queste materie.",0
1592418,1592419,24/06/2015,196,9,3,Marietta Tidei,PD,"Va dato atto, però, al Governo di avere posto con forza la questione dell'immigrazione e delle frontiere in Europa, riuscendo a penetrare il muro di provincialismo e di piccolo interesse costruito da molti Paesi dell'Unione.",0
655018,655019,07/02/2011,59,8,2,Fulvio Follegot,LEGA-LN,"Fin da subito, su proposta dalla Lega Nord Padania, si è deciso di stralciare dal testo proposto le modifiche alle disposizioni riguardanti la disciplina dell'immigrazione e norme sulla condizione dello straniero, di cui al decreto legislativo 25 luglio 1998, n. 286, focalizzando l'attenzione sul rapporto tra detenute madri e figli minori.",0
923815,923816,22/10/2013,21,7,1,Lara Ricciatti,SEL-SI,"Quanto alle politiche sull'immigrazione chiediamo al Governo di sollecitare, in sede di Consiglio europeo, un maggiore impegno di tutti gli Stati membri per il reinsediamento ovvero il trasferimento, con l'assistenza e a seguito di procedure di selezione da parte anche dell'UNHCR, di gruppi di rifugiati dai Paesi di transito o di prima accoglienza agli Stati che offrono programmi di inserimento.",0
2354505,2354506,18/04/2019,49,12,2,Rebecca Frassini,LEGA-LN,"Gli impegni che stiamo mantenendo su immigrazione, lotta alla mafia, legittima difesa, legge “Fornero” e riduzione fiscale vanno nella direzione di riportare al centro il lavoro, la famiglia, la sicurezza, la tutela dell'ambiente e il futuro dei giovani, e questo lo stiamo facendo oggi in Italia e lo faremo domani in Europa (Applausi dei deputati del gruppo Fratelli d'Italia).",0
2090025,2090026,03/08/2018,66,1,3,Emanuela Rossini,MISTO,Il decreto-legge fa riferimento al contrasto all'immigrazione clandestina e illegale e volevo chiedere…,0
1684772,1684773,26/03/2015,209,4,1,Nicola Molteni,LEGA-LN,Qui si vede chi è a favore dell'immigrazione clandestina e chi è contro l'immigrazione clandestina.,0
591544,591545,15/02/2011,61,10,4,Franco Frattini,PDL,L'Unione europea ha risposto positivamente alla richiesta del presidente Berlusconi al Presidente Van Rompuy di convocare presto un Consiglio europeo straordinario sull'immigrazione e sulla situazione in nord Africa.,0
538569,538570,23/03/2011,35,8,4,Sandro Gozi,PD,"Infatti la politica europea incide profondamente sulle decisioni economiche, sullo stato delle finanze pubbliche, sulla legge finanziaria (che non che chiamiamo più legge finanziaria), sulle scelte in materia di immigrazione, in materia di sicurezza e in materia di ambiente.",0
2956,2957,07/04/2009,68,17,1,Giulio Calvisi,PD,"Infine, vi è la filosofia che si evince da questo provvedimento, che è quella che ci avete proposto da quando siete al Governo: un rifiuto dell'immigrazione, la filosofia dell'immigrazione zero, la tolleranza zero evocata verso i clandestini (che poi non fa altro che produrre un'intolleranza complessiva della società italiana nei confronti degli immigrati), un aumento del sentimento di paura, un abbandono dell'idea del governo dell'immigrazione e dell'idea che l'immigrazione rappresenta una grande risorsa per il nostro Paese, un abbandono dell'idea delle politiche di integrazione come di un grande strumento per realizzare anche politiche di sicurezza.",0
1491182,1491183,14/10/2015,107,5,2,Rocco Buttiglione,NCD,"Ma questi, per poter fare questo, per poter collaborare, ti chiedono in cambio canali di immigrazione legale, commisurati alle capacità di assorbimento del mercato del lavoro italiano, dal punto di vista egoistico, e alla generosità del cuore degli italiani, dal punto di vista, invece, morale e culturale.",0
3982,3983,07/04/2009,180,5,6,Lanfranco Tenaglia,PD,"La vostra politica della sicurezza è una politica che fa del problema immigrazione un problema criminale, ma non è questa la soluzione al problema dell'immigrazione.",0
1987130,1987131,08/03/2017,366,3,2,Giovanni Monchiero,CI-SC,"Ora, il fatto che qualcuno pensi di risolvere il problema dell'immigrazione erigendo muri, ci fa dubitare della forza degli ideali fondanti, e ci pone sotto gli occhi uno dei problemi che invece dovremmo risolvere.",0
2170356,2170357,26/11/2018,40,18,8,Emanuele Fiano,PD,"Questa è la vostra idea di risposta ai temi dell'immigrazione: soddisfo il consenso, non risolvo nessun problema; soddisfo la demagogia di dire che l'immigrazione è un problema – ed è un problema – di numeri, ma mi disinteresso della risoluzione del problema; preferisco contenerlo in dei luoghi dove queste persone non si vedano, a prescindere dai diritti della persona, calpestando gli articoli della Costituzione, pur di poter dire che ho ottenuto un cambiamento.",0
1573287,1573288,15/06/2015,52,1,1,Presidente,,"L'ordine del giorno reca la discussione della Relazione, ai sensi dell'articolo 37 della legge 30 luglio 2002, n. 189, sulle azioni adottate per la gestione dei flussi migratori e sull'impiego di lavoratori immigrati in Italia, nel periodo ottobre 2013-aprile 2015, approvata dal Comitato parlamentare di controllo sull'attuazione dell'Accordo di Schengen, di vigilanza sull'attività di Europol, di controllo e vigilanza in materia di immigrazione.",0
2077899,2077900,21/09/2018,46,2,6,Marco Marin,FI,"Voglio aggiungere che la globalizzazione e l'immigrazione rendono questi dati particolarmente importanti, ai giorni nostri, anche per noi.",0
1620242,1620243,28/09/2015,62,1,7,Fucsia Fitzgerald Nissoli,CD,"Quindi, abbiamo tutti registrato il fatto che il nostro Paese, da Paese di emigrazione, è diventato un Paese di immigrazione, tanto che oggi possiamo contare un pari numero di cittadini italiani emigrati ed immigrati.",0